"Mã","Tên xe","Biển số","Loại xe","Cơ sở","Giá thuê / ngày","Số km","Trạng thái"
"XE-020","Yamaha Sirius FI 115cc","DEMO-020","Xe số","Đống Đa","90.000 ₫","26.800","Sẵn sàng"
"XE-040","Yamaha Sirius FI 115cc","DEMO-040","Xe số","Đống Đa","90.000 ₫","26.800","Sẵn sàng"
"XE-003","Honda Wave Alpha 110cc","DEMO-003","Xe số","Tây Hồ","100.000 ₫","28.900","Sẵn sàng"
"XE-009","Honda Blade 110cc","DEMO-009","Xe số","Ba Đình","100.000 ₫","31.200","Đang thuê"
"XE-018","Honda Wave RSX 110cc","DEMO-018","Xe số","Cầu Giấy","100.000 ₫","35.000","Đã bán"
"XE-023","Honda Wave Alpha 110cc","DEMO-023","Xe số","Tây Hồ","100.000 ₫","28.900","Sẵn sàng"
"XE-029","Honda Blade 110cc","DEMO-029","Xe số","Ba Đình","100.000 ₫","31.200","Đang thuê"
"XE-038","Honda Wave RSX 110cc","DEMO-038","Xe số","Cầu Giấy","100.000 ₫","35.000","Đã bán"
"XE-017","VinFast Evo 200","DEMO-017","Xe điện (mẫu)","Ba Đình","120.000 ₫","5.400","Bảo dưỡng"
"XE-037","VinFast Evo 200","DEMO-037","Xe điện (mẫu)","Ba Đình","120.000 ₫","5.400","Bảo dưỡng"
"XE-006","VinFast Feliz S","DEMO-006","Xe điện (mẫu)","Cầu Giấy","130.000 ₫","6.200","Đặt trước"
"XE-016","Honda Future 125 FI","DEMO-016","Xe số","Đống Đa","130.000 ₫","22.400","Sẵn sàng"
"XE-026","VinFast Feliz S","DEMO-026","Xe điện (mẫu)","Cầu Giấy","130.000 ₫","6.200","Đặt trước"
"XE-036","Honda Future 125 FI","DEMO-036","Xe số","Đống Đa","130.000 ₫","22.400","Sẵn sàng"
"XE-011","VinFast Klara S 2023","DEMO-011","Xe điện (mẫu)","Tây Hồ","140.000 ₫","8.900","Sẵn sàng"
"XE-031","VinFast Klara S 2023","DEMO-031","Xe điện (mẫu)","Tây Hồ","140.000 ₫","8.900","Sẵn sàng"
"XE-001","Honda Vision 110cc","DEMO-001","Xe ga","Ba Đình","150.000 ₫","14.200","Đang thuê"
"XE-021","Honda Vision 110cc","DEMO-021","Xe ga","Ba Đình","150.000 ₫","14.200","Đang thuê"
"XE-008","Honda Lead 125cc","DEMO-008","Xe ga","Đống Đa","160.000 ₫","16.800","Sẵn sàng"
"XE-012","Honda Vision 110cc Smartkey","DEMO-012","Xe ga","Đống Đa","160.000 ₫","12.100","Đang thuê"
"XE-028","Honda Lead 125cc","DEMO-028","Xe ga","Đống Đa","160.000 ₫","16.800","Sẵn sàng"
"XE-032","Honda Vision 110cc Smartkey","DEMO-032","Xe ga","Đống Đa","160.000 ₫","12.100","Đang thuê"
"XE-007","Yamaha Grande Hybrid","DEMO-007","Xe ga","Tây Hồ","170.000 ₫","13.600","Đang thuê"
"XE-027","Yamaha Grande Hybrid","DEMO-027","Xe ga","Tây Hồ","170.000 ₫","13.600","Đang thuê"
"XE-002","Honda Air Blade 125cc","DEMO-002","Xe ga","Cầu Giấy","180.000 ₫","18.500","Sẵn sàng"
"XE-022","Honda Air Blade 125cc","DEMO-022","Xe ga","Cầu Giấy","180.000 ₫","18.500","Sẵn sàng"
"XE-010","Honda Winner X 150cc","DEMO-010","Xe côn tay","Cầu Giấy","200.000 ₫","15.400","Đặt trước"
"XE-030","Honda Winner X 150cc","DEMO-030","Xe côn tay","Cầu Giấy","200.000 ₫","15.400","Đặt trước"
"XE-004","Yamaha Exciter 155 VVA","DEMO-004","Xe côn tay","Đống Đa","220.000 ₫","11.200","Đang thuê"
"XE-015","Yamaha NVX 155 VVA","DEMO-015","Xe ga","Tây Hồ","220.000 ₫","19.100","Đang thuê"
"XE-024","Yamaha Exciter 155 VVA","DEMO-024","Xe côn tay","Đống Đa","220.000 ₫","11.200","Đang thuê"
"XE-035","Yamaha NVX 155 VVA","DEMO-035","Xe ga","Tây Hồ","220.000 ₫","19.100","Đang thuê"
"XE-019","Honda Air Blade 160 ABS","DEMO-019","Xe ga","Tây Hồ","230.000 ₫","8.200","Sẵn sàng"
"XE-039","Honda Air Blade 160 ABS","DEMO-039","Xe ga","Tây Hồ","230.000 ₫","8.200","Sẵn sàng"
"XE-014","Honda SH Mode 125cc","DEMO-014","Xe ga","Cầu Giấy","250.000 ₫","14.700","Sẵn sàng"
"XE-034","Honda SH Mode 125cc","DEMO-034","Xe ga","Cầu Giấy","250.000 ₫","14.700","Sẵn sàng"
"XE-013","Piaggio Vespa Primavera 125","DEMO-013","Xe ga","Ba Đình","320.000 ₫","10.400","Đang thuê"
"XE-033","Piaggio Vespa Primavera 125","DEMO-033","Xe ga","Ba Đình","320.000 ₫","10.400","Đang thuê"
"XE-005","Honda SH 150i ABS","DEMO-005","Xe ga","Ba Đình","350.000 ₫","9.400","Bảo dưỡng"
"XE-025","Honda SH 150i ABS","DEMO-025","Xe ga","Ba Đình","350.000 ₫","9.400","Bảo dưỡng"